studyid,adjusted_income,cv1_adjusted_income,cv2_adjusted_income,cv3_adjusted_income,cv4_adjusted_income
1,,,,,
2,,,,,
3,8333.333,,,,
4,7954.5454,,,7954.5454,5833.3335
5,9722.2227,9722.2227,9722.2227,3125,1190.4762
6,862.06897,,862.06897,3571.4285,961.53845
7,5208.3335,,,,4629.6294
8,,,,,
9,657.89471,,,657.89471,735.29413
10,,,,,
11,833.33331,,,833.33331,6578.9473
12,6481.4814,,6481.4814,6578.9473,1315.7894
13,1041.6666,,,1041.6666,
14,1315.7894,,9210.5264,6578.9473,
15,1000,,,,1000
16,2777.7778,,,,
17,1041.6666,1041.6666,1041.6666,1136.3636,1136.3636
18,1041.6666,,,,1041.6666
19,4464.2856,4464.2856,,,1086.9565
20,5833.3335,4166.6665,3409.0908,2500,2500
21,,,,,
22,,,,,
23,1041.6666,,,,1041.6666
24,,,,,
25,7291.6665,7291.6665,11111.111,,
26,1388.8889,22222.223,22222.223,,1562.5
27,5681.8184,5681.8184,5681.8184,5681.8184,5681.8184
28,2586.2068,,2586.2068,,
29,925.9259,,925.9259,,714.28571
30,12121.212,6818.1816,12121.212,12121.212,8333.333
31,12500,12500,,1190.4762,25000
32,925.9259,925.9259,925.9259,,3787.8789
33,925.9259,,,,
34,,,,,
35,,,,,
36,6944.4443,6944.4443,,6818.1816,2678.5715
37,694.44446,694.44446,694.44446,694.44446,3205.1282
38,5833.3335,,,,892.85712
39,3947.3684,3947.3684,1041.6666,1315.7894,3947.3684
40,3125,5208.3335,17307.691,,
41,3000,7000,2272.7273,5303.0303,4629.6294
42,1190.4762,1190.4762,3125,,6481.4814
43,,,,,
44,3205.1282,3205.1282,1923.0769,3947.3684,5681.8184
45,,,,,
46,,,,,
47,1041.6666,1041.6666,,,1315.7894
48,14062.5,,1562.5,,23809.523
49,1595.7446,,,1595.7446,3947.3684
50,12500,,12500,,
51,625,,,,
52,,,,,
53,892.85712,892.85712,892.85712,12903.226,5952.3809
54,9677.4189,,,4032.2581,
55,,,,,
56,1041.6666,,1041.6666,,
57,7500,10000,8571.4287,13333.333,13333.333
58,1388.8889,4166.6665,6944.4443,9722.2227,9722.2227
59,6944.4443,6944.4443,,,
60,1315.7894,1315.7894,1315.7894,,3947.3684
61,,,,,
62,,,,,
63,5468.75,,9375,,12500
64,3205.1282,1923.0769,3205.1282,8333.333,10937.5
65,13333.333,10000,,,
66,4166.6665,,,,9782.6084
67,2083.3333,,2083.3333,1041.6666,
68,,,,,
69,9210.5264,,,,9210.5264
70,4032.2581,,,,
71,7812.5,,7812.5,4861.1113,4629.6294
72,3571.4285,,,3571.4285,1190.4762
73,15789.474,,,,18181.818
74,1315.7894,,,1315.7894,4166.6665
75,1388.8889,,,,6578.9473
76,12500,,,,12500
77,6034.4829,,7758.6206,6034.4829,
78,2906.9768,2906.9768,4069.7673,9722.2227,10714.286
79,5681.8184,,,,5681.8184
80,8653.8457,11538.462,,21052.631,15789.474
81,14285.714,8333.333,1562.5,3571.4285,8653.8457
82,1923.0769,,,,1923.0769
83,,,,,
84,,,,,
86,4687.5,4687.5,7812.5,5952.3809,7812.5
87,6666.6665,6666.6665,6666.6665,3906.25,6944.4443
88,9677.4189,,,6730.769,2884.6155
89,806.4516,,2419.3547,2083.3333,2500
90,5681.8184,,,,5681.8184
91,8333.333,8333.333,8333.333,8333.333,7291.6665
92,11538.462,,,961.53845,
93,7812.5,7812.5,7812.5,14062.5,10937.5
94,10714.286,,14285.714,,9375
95,,,,,
96,,,,,
97,3723.4043,3723.4043,,7954.5454,5303.0303
98,7812.5,,7812.5,7812.5,4687.5
99,1388.8889,,,,
100,,,,,
101,,,,,
102,,,,,
103,1562.5,1562.5,1562.5,1190.4762,4310.3447
104,543.47827,543.47827,1388.8889,1388.8889,1388.8889
105,5303.0303,,,,
106,12500,12500,12500,,15789.474
107,,,,,
108,1923.0769,1923.0769,1388.8889,1190.4762,1041.6666
109,22222.223,,,,
110,,,,,
111,961.53845,,1190.4762,1562.5,1562.5
112,8333.333,8333.333,925.9259,6578.9473,3947.3684
113,1388.8889,4166.6665,4166.6665,3260.8696,3571.4285
114,,,,,
115,9210.5264,9210.5264,13636.363,15789.474,11842.105
116,,,,,
117,1315.7894,1315.7894,1315.7894,,1041.6666
118,1086.9565,1086.9565,,,
119,12500,,,,12500
120,1562.5,4687.5,,,
121,,,,,
122,1041.6666,,5208.3335,5208.3335,9375
123,,,,,
124,,,,,
125,44919.777,,,,
126,3571.4285,8333.333,,,
127,3787.8789,3787.8789,9090.9092,10000,7500
128,16666.666,,16666.666,14062.5,20833.334
129,2343.75,2343.75,2142.8572,,8035.7144
130,1041.6666,,14285.714,9375,5208.3335
131,12500,12500,,7812.5,28571.428
132,,,,,
133,5208.3335,,,,5208.3335
134,10714.286,,10714.286,,10714.286
135,,,,,
136,1086.9565,,1086.9565,,
137,7812.5,,7812.5,14285.714,10937.5
138,862.06897,862.06897,,2586.2068,5208.3335
139,510.20407,510.20407,510.20407,862.06897,2586.2068
140,5208.3335,5208.3335,5208.3335,5208.3335,9375
141,,,,,
142,,,,,
143,892.85712,892.85712,1041.6666,1562.5,1315.7894
144,10227.272,5681.8184,7000,7954.5454,7954.5454
145,1923.0769,9615.3848,5208.3335,7812.5,6034.4829
146,4687.5,1562.5,1190.4762,2777.7778,5952.3809
147,9210.5264,9210.5264,9210.5264,11842.105,9210.5264
148,3125,3125,,1190.4762,
149,2884.6155,,5952.3809,10714.286,5952.3809
150,806.4516,9677.4189,5645.1611,7291.6665,2777.7778
151,4629.6294,,,,
152,1041.6666,1041.6666,,1041.6666,
153,1562.5,1562.5,961.53845,,
154,9782.6084,9782.6084,6730.769,2884.6155,15384.615
155,14285.714,8333.333,,,6481.4814
156,,,,,
157,925.9259,925.9259,925.9259,833.33331,1000
158,6578.9473,9210.5264,6578.9473,9210.5264,15789.474
159,14285.714,10714.286,,,
160,1923.0769,9615.3848,6944.4443,8333.333,10714.286
161,,,,,
162,757.57574,5303.0303,2272.7273,4310.3447,3947.3684
163,28698.746,,806.4516,12903.226,8108.1079
164,1562.5,1562.5,,,3409.0908
165,19047.619,10714.286,9375,9375,9210.5264
166,1190.4762,1190.4762,,,595.2381
167,21052.631,11842.105,11842.105,18750,19047.619
168,4166.6665,4166.6665,1388.8889,4166.6665,9615.3848
169,806.4516,806.4516,694.44446,806.4516,806.4516
170,1388.8889,,,,
171,13333.333,,,13333.333,4166.6665
172,1086.9565,,,,1086.9565
173,9000,,9000,12000,16666.666
174,4807.6924,,4807.6924,,10714.286
175,961.53845,,,,9375
176,1923.0769,9615.3848,17307.691,5952.3809,16666.666
177,4629.6294,4629.6294,4629.6294,1136.3636,925.9259
178,33333.332,1388.8889,,,20689.654
179,9375,9375,12500,12500,15789.474
180,1136.3636,,,,1136.3636
181,1190.4762,,14285.714,,3125
182,,,,,
183,1315.7894,,,1315.7894,
184,1190.4762,1190.4762,1190.4762,5769.231,1190.4762
185,16666.666,,,,
186,,,,,
187,7812.5,,,7812.5,5208.3335
188,1041.6666,20833.334,25000,28571.428,14285.714
189,641.02563,641.02563,641.02563,1923.0769,1562.5
190,,,,,
191,6730.769,6730.769,8333.333,10937.5,10937.5
192,4807.6924,,,,
193,7608.6958,,,,
194,1086.9565,,,,
195,568.18182,,,,568.18182
196,6944.4443,,,,
197,892.85712,,,,
198,17857.143,8035.7144,,33333.332,22222.223
199,22222.223,,27777.777,27777.777,
200,4166.6665,9722.2227,16666.666,12500,13043.479
201,657.89471,,1923.0769,,
202,,,,,
203,1923.0769,,,1923.0769,
204,1000,1000,,,
205,4687.5,4687.5,11842.105,9210.5264,38461.539
206,5769.231,,,,
207,510.20407,2551.0205,7291.6665,8333.333,7031.25
208,1041.6666,,,1923.0769,1562.5
209,1388.8889,4166.6665,5769.231,9722.2227,5434.7827
210,11842.105,,11842.105,11842.105,9375
211,757.57574,2272.7273,5769.231,13461.538,13461.538
212,1388.8889,1388.8889,1562.5,1562.5,1562.5
213,5952.3809,,,,
214,925.9259,,925.9259,1923.0769,4687.5
215,,,,,
216,,,,,
217,2884.6155,,,2884.6155,
218,1041.6666,,,,
219,,,,,
220,1086.9565,1086.9565,3571.4285,3571.4285,1190.4762
221,5681.8184,5681.8184,5681.8184,,6481.4814
222,1562.5,,,5208.3335,3125
223,1315.7894,1315.7894,1315.7894,1315.7894,1315.7894
224,,,,,
225,5833.3335,,10714.286,7291.6665,5952.3809
226,1086.9565,1086.9565,,,1315.7894
227,1136.3636,,,,
228,4464.2856,,,806.4516,806.4516
229,892.85712,892.85712,892.85712,,4687.5
230,,,,,
231,3125,3125,4629.6294,833.33331,2500
232,1190.4762,,,,781.25
233,925.9259,,,,925.9259
234,1190.4762,,,,1041.6666
235,,,,,
236,,,,,
237,,,,,
238,,,,,
239,4166.6665,,1388.8889,5952.3809,4687.5
240,,,,,
241,1041.6666,,9375,,4166.6665
242,6578.9473,,,,
243,9722.2227,,,,8333.333
244,1086.9565,,,,1388.8889
245,714.28571,,,,1562.5
246,3947.3684,,,,6578.9473
247,892.85712,2678.5715,862.06897,,
248,20833.334,,,20833.334,
249,9722.2227,,6944.4443,9722.2227,6944.4443
250,4166.6665,4166.6665,4166.6665,1190.4762,694.44446
251,,,,,
252,1315.7894,3947.3684,3571.4285,3571.4285,3571.4285
253,,,,,
254,16666.666,,16666.666,,
255,1086.9565,,,,
256,1315.7894,3947.3684,1315.7894,1315.7894,1315.7894
257,757.57574,,,1923.0769,
258,5952.3809,,,,
259,892.85712,892.85712,2678.5715,,
260,,,,,
261,,,,,
262,14285.714,,,,14285.714
263,1041.6666,3125,1315.7894,2777.7778,925.9259
264,735.29413,,,,
265,6578.9473,3947.3684,3947.3684,6578.9473,1315.7894
266,1136.3636,1136.3636,5681.8184,1136.3636,1136.3636
267,,,,,
268,8333.333,,8333.333,5952.3809,13461.538
269,2884.6155,,,,
270,8333.333,,,,
271,7894.7368,1973.6842,4166.6665,3571.4285,
272,1190.4762,3571.4285,10714.286,10714.286,10714.286
273,5921.0527,657.89471,657.89471,1041.6666,1315.7894
274,2343.75,,2343.75,781.25,1315.7894
275,6250,10714.286,13461.538,17307.691,5769.231
276,19047.619,,,,19047.619
277,3947.3684,3947.3684,6578.9473,3409.0908,3409.0908
278,,,,,
279,18750,25000,,31250,31250
280,9210.5264,,,,
281,10714.286,,5952.3809,,
282,1000,,,13636.363,9000
283,925.9259,,,,
284,2272.7273,2272.7273,3787.8789,3472.2222,6250
285,1041.6666,,,,
286,1562.5,,,,
287,6730.769,,8653.8457,16666.666,9615.3848
288,1136.3636,3409.0908,1136.3636,1136.3636,3409.0908
289,1923.0769,,1190.4762,,
290,,,,,
291,1562.5,,1562.5,1562.5,1562.5
292,10714.286,,9375,7291.6665,
293,1190.4762,1190.4762,3571.4285,29166.666,33333.332
294,1000,,,,
295,6034.4829,,,,5000
296,9210.5264,6578.9473,7954.5454,13636.363,13636.363
297,1923.0769,,,,5952.3809
298,6944.4443,,,,6944.4443
299,1190.4762,1190.4762,1190.4762,1190.4762,1190.4762
300,2586.2068,,,2586.2068,2343.75
301,,,,,
302,16666.666,12500,11111.111,14814.814,14814.814
303,757.57574,757.57574,1086.9565,1086.9565,1388.8889
304,10937.5,1562.5,12500,9615.3848,13461.538
305,,,,,
306,,,,,
307,657.89471,657.89471,1562.5,1190.4762,1190.4762
308,17307.691,,9615.3848,,19047.619
309,,,,,
310,7608.6958,7608.6958,10937.5,5952.3809,10344.827
311,8333.333,8333.333,9000,9000,7500
312,1136.3636,,,,1136.3636
313,5000,5000,5681.8184,7954.5454,10937.5
314,3571.4285,,3571.4285,2343.75,2884.6155
315,4861.1113,3472.2222,3472.2222,3205.1282,6250
316,22222.223,9722.2227,,,
317,1190.4762,,,1190.4762,5681.8184
318,2884.6155,961.53845,4687.5,,2419.3547
319,5468.75,7031.25,5468.75,9000,6250
320,31250,,,8653.8457,
321,,,,,
322,6944.4443,1388.8889,4166.6665,6944.4443,6944.4443
323,694.44446,2083.3333,735.29413,,862.06897
324,1136.3636,,,,1136.3636
325,14285.714,10714.286,8333.333,14062.5,10937.5
326,1136.3636,1136.3636,,625,581.39532
327,16666.666,12500,,,
328,2419.3547,806.4516,2419.3547,3947.3684,
329,,,,,
330,7812.5,1562.5,1562.5,4687.5,4687.5
331,,,,,
332,9375,,,,9375
333,12500,4166.6665,4166.6665,4166.6665,12500
334,862.06897,862.06897,,,862.06897
335,1315.7894,,3947.3684,,4310.3447
336,1315.7894,,1315.7894,,3409.0908
337,,,,,
338,9615.3848,,,,
339,9090.9092,9090.9092,9090.9092,10000,5833.3335
340,1923.0769,,,,1562.5
341,7291.6665,,,7291.6665,2777.7778
342,5303.0303,,,,
343,5645.1611,806.4516,6730.769,8333.333,6730.769
344,3378.3784,2027.027,4629.6294,3571.4285,6428.5713
5001,28571.428,28571.428,33333.332,33333.332,29166.666
5002,,,,,
5003,49197.852,,,,
5004,22222.223,,,,
5005,,,,,
5006,43048.117,45476.633,47330.91,46462.469,52366.934
5007,57397.492,,,61949.961,
5008,,,,,
5009,19047.619,5952.3809,54092.469,35970.945,59847.926
5010,38888.891,60635.508,63107.883,,
5011,27777.777,27777.777,27777.777,,59847.926
5012,57397.492,60635.508,63107.883,,69822.578
5013,57397.492,,,,
5014,33333.332,16666.666,16666.666,12500,8333.333
5015,57397.492,60635.508,63107.883,61949.961,53846.152
5016,16666.666,22222.223,23076.924,23076.924,19047.619
5017,49197.852,,47330.91,25000,29166.666
5018,22222.223,27777.777,21739.131,27777.777,22222.223
5019,49197.852,51973.293,37864.73,31578.947,66147.703
5020,43048.117,45476.633,47330.91,46462.469,52366.934
5021,49197.852,,,,
5022,29166.666,45476.633,47330.91,46462.469,29166.666
5023,57397.492,38888.891,38888.891,85776.867,96677.414
5024,27777.777,22222.223,38888.891,38888.891,31250
5025,57397.492,33333.332,23809.523,23809.523,20833.334
5026,33333.332,33333.332,28571.428,33333.332,33333.332
5027,29166.666,29166.666,29166.666,29166.666,52366.934
5028,49197.852,,,,
5029,49197.852,,54092.469,53099.965,
5030,57397.492,60635.508,63107.883,53099.965,59847.926
5031,21739.131,3260.8696,6944.4443,9722.2227,6944.4443
5032,3571.4285,3571.4285,3000,2678.5715,
5033,57397.492,60635.508,63107.883,,59847.926
5034,28571.428,33333.332,54092.469,53099.965,59847.926
5035,43048.117,45476.633,47330.91,46462.469,52366.934
5036,30769.23,23076.924,16666.666,23076.924,23076.924
5037,57397.492,60635.508,63107.883,61949.961,69822.578
5038,57397.492,38888.891,,,69822.578
5039,8035.7144,25000,,30769.23,23076.924
5040,5681.8184,1136.3636,1000,3409.0908,892.85712
5041,27777.777,22222.223,,,
5042,28571.428,14285.714,19047.619,,23809.523
5043,10714.286,,,,52366.934
5044,3571.4285,10714.286,8035.7144,9375,1041.6666
5045,57397.492,33333.332,33333.332,53099.965,
5046,27777.777,27777.777,27777.777,33333.332,
5047,49197.852,33333.332,54092.469,33333.332,59847.926
5048,16666.666,25000,,18518.518,33333.332
5049,49197.852,51973.293,,,
5050,14062.5,14062.5,18750,18750,18750
5051,16666.666,9375,12500,12500,14705.883
5052,28571.428,28571.428,25000,29166.666,52366.934
5053,19047.619,23809.523,23809.523,23809.523,23809.523
5054,5952.3809,3571.4285,18750,19047.619,12500
5055,,,,,
5056,15151.516,2272.7273,,,17391.305
5057,49197.852,51973.293,28571.428,28571.428,59847.926
5058,49197.852,51973.293,28571.428,53099.965,33333.332
5059,17647.059,14705.883,6034.4829,,13793.104
5060,7894.7368,7894.7368,12500,12500,17391.305
5061,43048.117,45476.633,47330.91,41299.973,46548.387
5062,57397.492,60635.508,54092.469,33333.332,52366.934
5063,38888.891,16666.666,16666.666,16666.666,16666.666
5064,2500,13333.333,16666.666,13333.333,10000
5065,43048.117,45476.633,47330.91,46462.469,52366.934
5066,29166.666,25000,12500,20833.334,12500
5067,17857.143,38979.969,38461.539,30769.23,30769.23
5068,4464.2856,,,,9615.3848
5069,14285.714,5952.3809,1190.4762,,
5070,20833.334,20833.334,16666.666,20833.334,12500
5071,,,,,
5072,12500,12500,9722.2227,9722.2227,22222.223
5073,49197.852,51973.293,54092.469,53099.965,59847.926
5074,16666.666,22222.223,19047.619,23809.523,20833.334
5075,38888.891,60635.508,63107.883,61949.961,59847.926
5076,16666.666,16666.666,13043.479,26086.957,26086.957
5077,14285.714,,3571.4285,,2777.7778
5078,,,,,
5079,57397.492,60635.508,63107.883,61949.961,
5080,33327.574,35207.715,54092.469,53099.965,59847.926
5081,33333.332,19047.619,28571.428,38888.891,38888.891
5082,22222.223,16666.666,22222.223,33333.332,33333.332
5083,28571.428,28571.428,28571.428,,
5084,20833.334,16666.666,20833.334,9375,7758.6206
5085,38888.891,27777.777,33333.332,19047.619,14285.714
5086,,,,,
5087,39736.727,,33333.332,33333.332,15789.474
5088,23809.523,28571.428,23809.523,23809.523,28571.428
5089,22222.223,33333.332,16666.666,16666.666,16666.666
5090,6818.1816,6818.1816,,,11842.105
5091,1744.186,,961.53845,,
5092,57397.492,,,,
5093,22222.223,22222.223,,,
5094,57397.492,60635.508,38888.891,53099.965,59847.926
5095,12500,,12500,,59847.926
5096,16666.666,,14285.714,,20833.334
5097,18518.518,18518.518,18518.518,18518.518,22222.223
5098,33333.332,33333.332,33333.332,33333.332,28571.428
5099,19047.619,19047.619,19047.619,23809.523,23809.523
5100,34438.496,23333.334,22222.223,22222.223,20000
5101,33333.332,33333.332,54092.469,53099.965,59847.926
5102,57397.492,60635.508,63107.883,61949.961,59847.926
5103,22222.223,22222.223,27777.777,38888.891,27777.777
5104,16666.666,9722.2227,17307.691,17307.691,23076.924
5105,49197.852,51973.293,54092.469,53099.965,59847.926
5106,12500,7291.6665,16666.666,9210.5264,7291.6665
5107,43048.117,45476.633,47330.91,,
5108,33333.332,33333.332,38888.891,,
5109,49197.852,51973.293,54092.469,53099.965,59847.926
5110,16666.666,12500,12500,,22222.223
5111,44919.777,47453.875,40569.352,,
5112,14062.5,14062.5,14062.5,19047.619,19047.619
5113,23809.523,,,,
5114,,,,,
5115,4166.6665,6944.4443,6944.4443,,9615.3848
5116,,,,,
5117,22222.223,,,27777.777,22222.223
5118,38888.891,60635.508,63107.883,53099.965,
5119,14285.714,23809.523,23809.523,28571.428,27777.777
5120,,,,,
5121,57397.492,33333.332,,,59847.926
5122,38264.996,,,,
5123,24137.932,6034.4829,5208.3335,20689.654,24137.932
5124,6818.1816,6818.1816,6250,,1190.4762
5125,10937.5,10937.5,10937.5,14062.5,14062.5
5126,2419.3547,806.4516,2142.8572,4166.6665,4166.6665
5127,8333.333,8333.333,8333.333,11111.111,11111.111
5128,27777.777,33333.332,27777.777,,
5129,13043.479,9782.6084,13043.479,9782.6084,23076.924
5130,57397.492,60635.508,63107.883,61949.961,54643.758
5131,16666.666,12500,6944.4443,,16666.666
5132,57397.492,60635.508,33333.332,33333.332,28571.428
5133,17241.379,20689.654,22222.223,781.25,1041.6666
5134,38888.891,38888.891,63107.883,53099.965,59847.926
5135,49197.852,51973.293,54092.469,53099.965,59847.926
5136,11842.105,9210.5264,15789.474,16666.666,21052.631
5137,22222.223,33333.332,63107.883,53099.965,59847.926
5138,57397.492,60635.508,63107.883,69693.703,59847.926
5139,14285.714,,,,
5140,12500,12500,12500,16666.666,16666.666
5141,23809.523,51973.293,,,
5142,8333.333,8333.333,14285.714,8653.8457,19047.619
5143,21739.131,21739.131,9722.2227,,9782.6084
5144,,,,,
5145,,,,,
5146,27777.777,22222.223,33333.332,33333.332,33333.332
5147,29166.666,29166.666,29166.666,46462.469,52366.934
5148,23333.334,23333.334,23333.334,37169.977,46548.387
5149,,,,,
5150,8333.333,,8333.333,3947.3684,6034.4829
5151,14285.714,28571.428,33333.332,33333.332,33333.332
5152,1041.6666,1041.6666,5208.3335,7291.6665,3125
5153,49197.852,,33333.332,28571.428,69822.578
5154,8333.333,23809.523,28571.428,5952.3809,33333.332
5155,46153.848,53846.152,53846.152,85776.867,
5156,57397.492,60635.508,63107.883,53099.965,59847.926
5157,27777.777,27777.777,38461.539,46153.848,38461.539
5158,18181.818,2272.7273,5434.7827,,23809.523
5159,20833.334,20833.334,,,
5160,9375,,,9375,18518.518
5161,57397.492,60635.508,54092.469,53099.965,59847.926
5162,49197.852,51973.293,54092.469,,
5163,1315.7894,6578.9473,6481.4814,8333.333,4629.6294
5164,6730.769,4807.6924,6730.769,13461.538,9615.3848
5165,12121.212,5303.0303,6730.769,8333.333,14285.714
5166,21739.131,1086.9565,,,4032.2581
5167,29166.666,29166.666,42071.922,,46548.387
5168,33333.332,33333.332,33333.332,33333.332,28571.428
5169,1562.5,4687.5,5208.3335,2586.2068,2586.2068
5170,57397.492,60635.508,63107.883,61949.961,59847.926
5171,20833.334,25000,25000,29166.666,29166.666
5172,20833.334,25000,20833.334,20833.334,29166.666
5173,25000,68214.945,63107.883,,
5174,33333.332,33333.332,38888.891,38888.891,33333.332
5175,,,,,
5176,49197.852,51973.293,,,
5177,12500,,,,
5178,43048.117,45476.633,47330.91,,
5179,7291.6665,9375,14285.714,19047.619,31250
5180,28571.428,23809.523,19047.619,19047.619,28571.428
5181,3260.8696,3260.8696,10714.286,,18518.518
5182,,,,,
5183,38888.891,60635.508,63107.883,61949.961,69822.578
5184,7291.6665,7291.6665,7291.6665,,
5185,16666.666,16666.666,8333.333,14285.714,14285.714
5186,25000,25000,29166.666,25925.926,25925.926
5187,11842.105,11842.105,4500,11842.105,1315.7894
5188,43048.117,29166.666,54092.469,42888.434,59847.926
5189,2884.6155,,2884.6155,3571.4285,6944.4443
5190,33333.332,38888.891,30434.783,53099.965,59847.926
5191,57397.492,60635.508,63107.883,46462.469,52366.934
5192,6481.4814,925.9259,18181.818,13636.363,13636.363
5193,30434.783,3260.8696,,3947.3684,3125
5194,34438.496,36381.305,42071.922,41299.973,46548.387
5195,11842.105,,15789.474,,21052.631
5196,19047.619,,,,
5197,17391.305,13043.479,,23076.924,
5198,23809.523,33333.332,54092.469,53099.965,59847.926
5199,6944.4443,6944.4443,10714.286,10714.286,10714.286
5200,8333.333,14814.814,18518.518,14814.814,14814.814
5201,38888.891,60635.508,38888.891,38888.891,59847.926
5202,13043.479,30434.783,15384.615,19047.619,69822.578
5203,43048.117,45476.633,47330.91,46462.469,46548.387
5204,23809.523,23809.523,23809.523,20833.334,20833.334
5205,36898.387,,,,
5206,6944.4443,1388.8889,,,
5207,49197.852,51973.293,54092.469,53099.965,59847.926
5208,38888.891,60635.508,63107.883,61949.961,33333.332
5209,1136.3636,1136.3636,1136.3636,1136.3636,1136.3636
5210,,,,,
5211,57397.492,60635.508,63107.883,53099.965,59847.926
5212,13793.104,4310.3447,4310.3447,7291.6665,6481.4814
5213,57397.492,60635.508,63107.883,,
5214,3125,1041.6666,,,3947.3684
5215,19047.619,10714.286,12500,5208.3335,10714.286
5216,20833.334,,,,
5217,833.33331,833.33331,833.33331,781.25,625
5218,19047.619,23809.523,22222.223,18518.518,33333.332
5219,5952.3809,8333.333,,14285.714,11842.105
5220,11764.706,8823.5293,12500,9375,10714.286
5221,,,,,
5222,23076.924,30769.23,22222.223,27777.777,16666.666
5223,38888.891,60635.508,33333.332,,
5224,27777.777,27777.777,23809.523,25000,22222.223
5225,38888.891,27777.777,38888.891,,
5226,38264.996,,,41299.973,
5227,781.25,781.25,925.9259,7812.5,9375
5228,1744.186,,,,
5229,8333.333,,8333.333,8333.333,
5230,11111.111,11111.111,11111.111,16666.666,16666.666
5231,33333.332,19047.619,54092.469,53099.965,59847.926
5232,3947.3684,6578.9473,,,
5233,,,,,
5234,14285.714,19047.619,19047.619,19047.619,12500
5235,961.53845,,,,
5236,12500,20833.334,20833.334,15789.474,16666.666
5237,10227.272,,10227.272,,7954.5454
5238,79473.453,83956.859,,85776.867,
5239,57397.492,33333.332,33333.332,53099.965,59847.926
5240,7812.5,10937.5,18750,18750,15789.474
5241,23076.924,8653.8457,11538.462,15384.615,14285.714
5242,,,,,
5243,29166.666,25000,20833.334,25000,25000
5244,,,,,
5245,1562.5,1562.5,1562.5,961.53845,961.53845
5246,57397.492,60635.508,63107.883,61949.961,69822.578
5247,12500,,,,
5248,4310.3447,862.06897,4807.6924,8653.8457,23076.924
5249,1190.4762,1190.4762,1086.9565,961.53845,1315.7894
5250,16666.666,22222.223,1388.8889,9615.3848,13461.538
5251,1562.5,7812.5,10937.5,10714.286,5952.3809
5252,38888.891,60635.508,63107.883,53099.965,59847.926
5253,20833.334,20833.334,37500,43750,24000
5254,4166.6665,4166.6665,9722.2227,1388.8889,1086.9565
5255,9375,5208.3335,12500,,4166.6665
5256,27777.777,16666.666,14285.714,8333.333,9375
5257,57397.492,38888.891,63107.883,33333.332,33333.332
5258,20833.334,20833.334,20833.334,18518.518,18518.518
5259,33333.332,33333.332,54092.469,33333.332,59847.926
5260,9615.3848,23076.924,,,69822.578
5261,38264.996,11111.111,11111.111,14814.814,25925.926
5262,13636.363,,,,13636.363
5263,53846.152,38461.539,87380.141,61949.961,
5264,38461.539,46153.848,22222.223,23076.924,30769.23
5265,57397.492,,,,
5266,17391.305,5434.7827,,2419.3547,961.53845
5267,15789.474,15789.474,15789.474,15789.474,15789.474
5268,4310.3447,4310.3447,11111.111,14814.814,11111.111
5269,30434.783,30434.783,,,22222.223
5270,3260.8696,,,,3571.4285
5271,16666.666,22222.223,,9722.2227,5434.7827
5272,33333.332,,,,
5273,5952.3809,3571.4285,2586.2068,3125,14062.5
5274,10227.272,10227.272,10227.272,13636.363,13636.363
5275,57397.492,60635.508,54092.469,53099.965,52366.934
5276,,,,,
5277,29166.666,29166.666,29166.666,46462.469,43338.152
5278,14285.714,14285.714,14285.714,,
5279,19047.619,14285.714,19047.619,23809.523,14285.714
5280,833.33331,833.33331,1388.8889,9375,14285.714
5281,22222.223,60635.508,53846.152,30769.23,38888.891
5282,29166.666,29166.666,29166.666,25000,1315.7894
5283,3571.4285,10714.286,19047.619,,25000
5284,49197.852,51973.293,43690.07,,
5285,43048.117,45476.633,42071.922,44603.973,46548.387
5286,33333.332,23809.523,23809.523,,28571.428
5287,2205.8823,,,,12500
5288,38888.891,60635.508,63107.883,61949.961,69822.578
5289,27777.777,33333.332,33333.332,38888.891,
5290,57397.492,60635.508,63107.883,53099.965,59847.926
5291,,,,,
5292,4166.6665,,,,4166.6665
5293,21052.631,15789.474,,21052.631,21052.631
5294,57397.492,60635.508,63107.883,53099.965,59847.926
5295,25000,,,25000,10714.286
5296,33333.332,,,,
5297,9210.5264,9210.5264,12500,7291.6665,7291.6665
5298,11111.111,11111.111,14814.814,14814.814,18518.518
5299,3205.1282,3205.1282,4807.6924,,5952.3809
5300,38461.539,38461.539,46153.848,46153.848,38461.539
5301,20833.334,20833.334,16666.666,25000,20833.334
5302,6034.4829,,7758.6206,9210.5264,
5303,6944.4443,6944.4443,12500,12500,12500
5304,1041.6666,,,,1041.6666
5305,8333.333,,,,8333.333
5306,31578.947,15789.474,21052.631,15789.474,31578.947
5307,22222.223,,,6944.4443,9722.2227
5308,961.53845,961.53845,8653.8457,961.53845,961.53845
5309,21052.631,11842.105,,5681.8184,1136.3636
5310,9722.2227,6944.4443,12500,7608.6958,14285.714
5311,1086.9565,9782.6084,,12903.226,11764.706
5312,12500,,,,12500
5313,16666.666,,,16666.666,14285.714
5314,,,,,
5315,27777.777,22222.223,16666.666,19047.619,28571.428
5316,49197.852,33333.332,33333.332,53099.965,59847.926
5317,38888.891,60635.508,63107.883,61949.961,
5318,16666.666,16666.666,22222.223,22222.223,9615.3848
5319,11111.111,11111.111,11111.111,11111.111,11111.111
5320,28571.428,33333.332,54092.469,53099.965,961.53845
5321,14814.814,11111.111,14814.814,11111.111,11111.111
5322,735.29413,735.29413,,,
5323,7608.6958,13043.479,,,
5324,9375,,,6481.4814,8333.333
5325,23076.924,26923.076,23076.924,25000,25000
5326,1562.5,,,,1562.5
5327,15789.474,11842.105,11842.105,9375,15789.474
5328,12500,12500,12500,20833.334,16666.666
5329,33333.332,33333.332,,38888.891,38888.891
5330,20833.334,20833.334,16666.666,16666.666,25000
5331,16666.666,16666.666,13793.104,20833.334,
5332,17857.143,10714.286,13043.479,23076.924,30769.23
5333,12500,3906.25,925.9259,1388.8889,1388.8889
5334,6250,11111.111,10526.315,30769.23,12500
5335,892.85712,892.85712,892.85712,892.85712,892.85712
5336,6944.4443,,,,
5337,19047.619,28571.428,23809.523,20833.334,9375
5338,1041.6666,,4687.5,1190.4762,1562.5
5339,9782.6084,1086.9565,1086.9565,1086.9565,3260.8696
5340,,,,,
5341,1562.5,,,,1562.5
5342,29166.666,45476.633,42071.922,41299.973,69822.578
5343,17857.143,,5434.7827,5434.7827,5434.7827
5344,49197.852,51973.293,54092.469,53099.965,59847.926
5345,57397.492,60635.508,,61949.961,69822.578
5346,5769.231,,23076.924,23076.924,7291.6665
5347,,,,,
5348,12500,12500,10714.286,8333.333,7258.0645
5349,9375,9375,9375,10344.827,9375
5350,49197.852,51973.293,47330.91,46462.469,52366.934
5351,3571.4285,8333.333,1041.6666,10227.272,10227.272
5352,3409.0908,5681.8184,7954.5454,7954.5454,5681.8184
5353,26923.076,2884.6155,54092.469,23809.523,
5354,44919.777,,,,
5355,33333.332,33333.332,27777.777,38888.891,
5356,3125,3125,3125,1041.6666,
5357,43048.117,29166.666,24000,28000,27272.727
5358,13043.479,13043.479,,12500,17307.691
5359,7758.6206,10344.827,18750,16666.666,9722.2227
5360,9782.6084,3260.8696,17391.305,21739.131,21739.131
5361,1923.0769,,,,
5362,57397.492,,63107.883,53099.965,
5363,43048.117,45476.633,47330.91,46462.469,52366.934
5364,22222.223,38888.891,27777.777,27777.777,33333.332
5365,6521.7393,,,,1923.0769
5366,27777.777,33333.332,28571.428,27777.777,27777.777
5367,25000,,,,
5368,57397.492,60635.508,63107.883,61949.961,59847.926
5369,26086.957,30434.783,22222.223,23076.924,23076.924
5370,16666.666,22222.223,23809.523,28571.428,23809.523
5371,10344.827,4310.3447,9210.5264,9210.5264,1315.7894
5372,6250,2678.5715,892.85712,16666.666,22222.223
5373,27777.777,33333.332,28571.428,33333.332,25000
5374,3260.8696,3260.8696,3260.8696,3571.4285,6944.4443
5375,57397.492,60635.508,63107.883,53099.965,69822.578
5376,49197.852,51973.293,33333.332,53099.965,59847.926
5377,3571.4285,1190.4762,1562.5,4687.5,4687.5
5378,9615.3848,5769.231,9615.3848,9722.2227,13461.538
5379,4464.2856,,6250,,
5380,57397.492,,63107.883,53099.965,
5381,49197.852,51973.293,54092.469,,59847.926
5382,10714.286,,,,
5383,54376.57,6578.9473,15789.474,15789.474,12500
5384,57397.492,,,,
5385,13636.363,7954.5454,8333.333,6481.4814,6481.4814
5386,49197.852,33333.332,33333.332,53099.965,59847.926
5387,39736.727,26923.076,33333.332,33333.332,59847.926
5388,14285.714,10714.286,9000,10714.286,12000
5389,15789.474,9210.5264,15789.474,15789.474,6578.9473
5390,49197.852,51973.293,54092.469,53099.965,59847.926
5391,5681.8184,7954.5454,5681.8184,5681.8184,7954.5454
5392,43048.117,5208.3335,9375,31250,17241.379
5393,,,,,
5394,7608.6958,5434.7827,,13461.538,9722.2227
5395,6818.1816,2272.7273,5952.3809,8333.333,10714.286
5396,29166.666,45476.633,47330.91,46462.469,52366.934
5397,5208.3335,5208.3335,5208.3335,7291.6665,12500
5398,32286.09,,,,
5399,14285.714,1190.4762,3571.4285,4166.6665,
5400,8333.333,11111.111,7954.5454,11111.111,18518.518
5401,33333.332,33333.332,33333.332,53099.965,52366.934
5402,57397.492,60635.508,63107.883,53099.965,59847.926
5403,19230.77,15384.615,6730.769,16666.666,
5404,3409.0908,3409.0908,3409.0908,3409.0908,3409.0908
5405,57397.492,60635.508,63107.883,61949.961,69822.578
5406,13461.538,13461.538,17307.691,17307.691,5952.3809
5407,57397.492,60635.508,54092.469,53099.965,59847.926
5408,57397.492,60635.508,54092.469,53099.965,59847.926
5409,25000,45476.633,42071.922,41299.973,46548.387
5410,38888.891,27777.777,23809.523,23809.523,23809.523
5411,38888.891,60635.508,54092.469,53099.965,59847.926
5412,17307.691,1923.0769,1923.0769,17307.691,23076.924
5413,26315.789,26315.789,25000,31578.947,66147.703
5414,4729.7295,4729.7295,675.67566,1041.6666,3125
5415,12500,,16666.666,12500,
5416,,,,,
5417,33333.332,33333.332,28571.428,18750,25000
5418,38888.891,38888.891,38888.891,33333.332,23809.523
5419,,,,,
5420,5952.3809,10714.286,18750,18750,11842.105
5421,25000,14062.5,15789.474,12500,
5422,1190.4762,8333.333,3571.4285,3571.4285,
5423,15789.474,21052.631,21052.631,21052.631,21052.631
5424,,,,,
5425,51973.293,51973.293,54092.469,,
5426,14285.714,14285.714,18750,18750,18750
5427,12121.212,9090.9092,22222.223,27777.777,33333.332
5428,12820.513,12820.513,10256.41,,
5429,49197.852,,,33333.332,28571.428
5430,19354.838,12903.226,12903.226,11764.706,11764.706
5431,18750,7812.5,7954.5454,9000,7500
5432,8653.8457,961.53845,4032.2581,4032.2581,3676.4707
5433,9375,12500,9210.5264,9210.5264,9210.5264
5434,28571.428,33333.332,33333.332,33333.332,33333.332
5435,43048.117,45476.633,47330.91,46462.469,52366.934
5436,1136.3636,3409.0908,1000,1000,833.33331
5437,,,,,
5438,22222.223,9722.2227,4166.6665,,
5439,57397.492,,54092.469,53099.965,59847.926
5440,49197.852,33333.332,,53099.965,
5441,,,,,
5442,16666.666,12500,5208.3335,14062.5,18750
5443,49197.852,51973.293,28571.428,28571.428,
5444,33333.332,33333.332,33333.332,53099.965,
5445,16666.666,,33333.332,27777.777,14285.714
5446,12500,20833.334,16666.666,20833.334,16666.666
5447,10714.286,14285.714,16129.032,16129.032,25000
5448,25000,25000,29166.666,29166.666,29166.666
5449,25925.926,22222.223,,37169.977,41893.547
5450,49197.852,51973.293,54092.469,35970.945,78550.398
5451,12500,12500,26923.076,33333.332,33333.332
5452,43048.117,45476.633,47330.91,46462.469,52366.934
5453,7291.6665,7291.6665,11842.105,9210.5264,5303.0303
5454,16666.666,,,,33333.332
5455,49197.852,51973.293,54092.469,53099.965,59847.926
5456,64572.18,1562.5,1562.5,1562.5,4687.5
5457,23809.523,33333.332,4807.6924,,
5458,1562.5,4687.5,,6578.9473,
5459,4166.6665,9722.2227,6944.4443,5769.231,5769.231
5460,12903.226,,,,19047.619
5461,10937.5,1562.5,4687.5,7812.5,10937.5
5462,10937.5,14062.5,10937.5,10937.5,10937.5
5463,6250,16666.666,16666.666,2906.9768,3048.7805
5464,17391.305,13043.479,22222.223,27777.777,
5465,5208.3335,7291.6665,7291.6665,9210.5264,4310.3447
5466,3947.3684,,13636.363,,
5467,10227.272,1136.3636,,1315.7894,6578.9473
5468,,,,,
5469,38888.891,60635.508,54092.469,53099.965,59847.926
5470,19047.619,23809.523,25000,25000,20833.334
5471,7692.3076,,,,3125
5472,5952.3809,1190.4762,1562.5,,5208.3335
5473,1136.3636,,,8571.4287,14814.814
5474,12500,,5769.231,9615.3848,9615.3848
5475,12500,,,12500,16666.666
5476,33333.332,33333.332,46153.848,53846.152,53846.152
5477,9782.6084,,1086.9565,21739.131,9782.6084
5478,8333.333,6481.4814,10227.272,10227.272,10227.272
5479,5952.3809,5952.3809,14062.5,14062.5,10937.5
5480,9782.6084,7608.6958,806.4516,13793.104,9375
5481,23809.523,,,,23809.523
5482,1136.3636,3409.0908,1136.3636,1136.3636,5681.8184
5483,7812.5,18750,15789.474,3947.3684,1136.3636
5484,6944.4443,,,,6944.4443
5485,10937.5,10937.5,5357.1431,961.53845,10714.286
5486,8035.7144,892.85712,892.85712,1388.8889,1388.8889
5487,3125,5208.3335,3125,3947.3684,3947.3684
5488,15789.474,15789.474,21052.631,14814.814,16666.666
5489,57397.492,60635.508,63107.883,53099.965,59847.926
5490,43048.117,45476.633,47330.91,46462.469,
5491,49197.852,51973.293,54092.469,53099.965,59847.926
5492,10714.286,10714.286,8333.333,10714.286,14285.714
5493,,,,,
5494,4166.6665,4166.6665,1190.4762,,10714.286
5495,7812.5,14062.5,18750,10714.286,9375
5496,11842.105,,,11842.105,15789.474
5497,57397.492,60635.508,47330.91,,
5498,961.53845,961.53845,961.53845,,4166.6665
5499,49197.852,51973.293,54092.469,53099.965,59847.926
5500,,,,,
5501,27777.777,60635.508,21739.131,26086.957,27777.777
5502,1190.4762,10714.286,1190.4762,1190.4762,
5503,2419.3547,2419.3547,3571.4285,5952.3809,7291.6665
5504,57397.492,60635.508,63107.883,53099.965,59847.926
5505,45476.633,45476.633,47330.91,46462.469,52366.934
5506,9722.2227,12500,,,
5507,17307.691,17307.691,5769.231,9615.3848,13461.538
5508,7608.6958,,,1388.8889,
5509,57397.492,60635.508,54092.469,35970.945,40542.141
5510,781.25,,,,17307.691
5511,5434.7827,1086.9565,2678.5715,,8653.8457
5512,16666.666,1388.8889,9722.2227,6944.4443,
5513,1388.8889,,,1388.8889,
5514,14285.714,14285.714,14285.714,14285.714,14285.714
5515,,,,,
5516,13636.363,13636.363,11111.111,11111.111,13636.363
5517,19047.619,19047.619,23809.523,25000,
5518,7031.25,,18518.518,13333.333,14814.814
5519,19230.77,,1190.4762,1190.4762,
5521,38888.891,38888.891,,,
5522,11842.105,21052.631,9375,15789.474,10937.5
5523,15151.516,9090.9092,6382.9785,10714.286,19230.77
5524,25000,25000,20689.654,25000,17241.379
5525,49197.852,51973.293,54092.469,53099.965,59847.926
5526,2343.75,3906.25,6944.4443,4629.6294,3125
5527,33327.574,35207.715,33333.332,33333.332,28571.428
5528,9375,12500,9375,1315.7894,11842.105
5529,3676.4707,3676.4707,3205.1282,4487.1797,5303.0303
5530,6944.4443,9722.2227,9782.6084,27777.777,23809.523
5531,8333.333,5952.3809,28571.428,,10714.286
5532,14285.714,19047.619,15384.615,15384.615,15384.615
5533,49197.852,51973.293,54092.469,53099.965,59847.926
5534,49197.852,51973.293,54092.469,53099.965,52366.934
5535,11111.111,,,,
5536,16666.666,27777.777,27777.777,26086.957,59847.926
5537,4687.5,25000,10937.5,5952.3809,3571.4285
5538,20833.334,20833.334,29166.666,29166.666,52366.934
5539,49197.852,51973.293,54092.469,53099.965,48338.707
5540,8333.333,,19047.619,23809.523,52366.934
5541,,,,,
5542,49197.852,28571.428,33333.332,53099.965,59847.926
5543,4629.6294,8333.333,11111.111,6481.4814,11111.111
5544,57397.492,6944.4443,4166.6665,9615.3848,9615.3848
5545,25000,16666.666,11764.706,20833.334,25000
5546,892.85712,892.85712,1923.0769,1086.9565,1923.0769
5547,1136.3636,1136.3636,2777.7778,2500,3000
5548,28571.428,,,,
5549,1562.5,4687.5,1041.6666,3409.0908,5681.8184
5550,9375,12500,12500,,10344.827
5551,49197.852,51973.293,54092.469,53099.965,59847.926
5552,16666.666,27777.777,16666.666,38888.891,16666.666
5553,1923.0769,17307.691,1923.0769,17307.691,5769.231
5554,33333.332,23809.523,19047.619,28571.428,59847.926
5555,19047.619,14285.714,10714.286,31250,10714.286
5556,11842.105,9210.5264,11842.105,9210.5264,9210.5264
5557,33333.332,51973.293,54092.469,53099.965,59847.926
5558,20833.334,29166.666,,,
5559,,,,,
5560,13043.479,9782.6084,9782.6084,5769.231,5769.231
5561,23809.523,,,23809.523,
5562,38461.539,30769.23,30769.23,30769.23,30769.23
5563,5769.231,5769.231,17307.691,17307.691,23076.924
5564,9375,9375,9375,9375,12500
5565,5952.3809,8333.333,6730.769,14062.5,25000
5566,49197.852,51973.293,54092.469,53099.965,
5567,49197.852,51973.293,54092.469,53099.965,59847.926
5568,25000,25000,25000,25000,20833.334
5569,13043.479,5434.7827,14285.714,9782.6084,9782.6084
5570,57397.492,60635.508,27777.777,,26315.789
5571,22222.223,22222.223,,,
5572,49197.852,51973.293,54092.469,53099.965,59847.926
5573,8653.8457,8653.8457,8333.333,5645.1611,10937.5
5574,1562.5,1562.5,1315.7894,1315.7894,1315.7894
5575,5208.3335,,,,
5576,3125,3125,12500,16666.666,16666.666
5577,18518.518,18518.518,18518.518,18518.518,25925.926
5578,10937.5,14062.5,14062.5,14062.5,14062.5
5579,925.9259,,,925.9259,
5580,23809.523,23809.523,16666.666,7291.6665,20833.334
5581,7608.6958,47453.875,9782.6084,8035.7144,20833.334
5582,38888.891,38888.891,,28571.428,
5583,49197.852,51973.293,33333.332,53099.965,69822.578
5584,33333.332,33333.332,,,
5585,5681.8184,10227.272,925.9259,3571.4285,2142.8572
5586,12000,5000,5000,5468.75,5681.8184
5587,49197.852,51973.293,54092.469,53099.965,59847.926
5588,51973.293,51973.293,,53099.965,59847.926
5589,57397.492,60635.508,63107.883,42888.434,52366.934
5590,19047.619,23809.523,25000,46462.469,69822.578
5591,29166.666,45476.633,47330.91,46462.469,52366.934
5592,27272.727,22727.273,28571.428,25000,25000
5593,1562.5,14062.5,14062.5,12500,12500
5594,23809.523,23809.523,23809.523,28571.428,28571.428
5595,19230.77,8653.8457,7258.0645,5487.8047,14285.714
5596,49197.852,33333.332,54092.469,53099.965,59847.926
5597,9782.6084,3260.8696,1744.186,5769.231,1923.0769
5598,8333.333,8333.333,10714.286,10714.286,8333.333
5599,19047.619,14285.714,23809.523,4807.6924,10714.286
5600,16666.666,9722.2227,12500,12500,12500
5601,10227.272,3409.0908,2343.75,8333.333,11111.111
5602,3260.8696,1086.9565,,961.53845,862.06897
5603,,,,,
5604,757.57574,3787.8789,4166.6665,4166.6665,
5605,43750,31250,28571.428,53099.965,33333.332
5606,33333.332,33333.332,33333.332,53099.965,59847.926
5607,,,,,
5608,53846.152,38461.539,23076.924,,
5609,15384.615,4807.6924,10714.286,5952.3809,19047.619
5610,28571.428,23809.523,,20833.334,52366.934
5611,19047.619,19047.619,23809.523,23809.523,28571.428
5612,2343.75,,,,2343.75
5613,4032.2581,,4032.2581,4807.6924,
5614,1315.7894,15789.474,833.33331,7954.5454,10227.272
5615,38888.891,33333.332,,,
5616,735.29413,,,,735.29413
5617,6730.769,,,757.57574,3289.4736
5618,49197.852,51973.293,54092.469,53099.965,59847.926
5619,49197.852,23809.523,,,78550.398
5620,33333.332,33333.332,23076.924,23809.523,
5621,,,,,
5622,49197.852,51973.293,54092.469,53099.965,59847.926
5623,38888.891,60635.508,63107.883,53099.965,59847.926
5624,6250,10714.286,8035.7144,22222.223,27777.777
5625,28571.428,28571.428,28571.428,33333.332,33333.332
5626,57397.492,60635.508,63107.883,53099.965,59847.926
5627,30769.23,9615.3848,13461.538,23076.924,17307.691
5628,28571.428,10714.286,,,
5629,1190.4762,1190.4762,5952.3809,4687.5,7812.5
5630,57397.492,,63107.883,,59847.926
5631,18518.518,11111.111,11111.111,11111.111,18518.518
5632,25828.871,10000,13333.333,53099.965,23809.523
5633,16129.032,12903.226,757.57574,4166.6665,3571.4285
5634,,,,,
5635,3676.4707,735.29413,1923.0769,1315.7894,1315.7894
5636,49197.852,33333.332,54092.469,33333.332,59847.926
5637,14285.714,8333.333,14285.714,9210.5264,7608.6958
5638,22222.223,16666.666,,,
5639,23809.523,19047.619,9375,12500,16666.666
5640,12500,9375,14285.714,14285.714,14285.714
5641,19230.77,,,17307.691,17307.691
5642,5434.7827,,26086.957,641.02563,19047.619
5643,38888.891,33333.332,33333.332,53099.965,59847.926
5644,10937.5,7812.5,25000,12500,20833.334
5645,833.33331,,,,8333.333
5646,10714.286,8333.333,12500,20833.334,25000
5647,3125,1041.6666,1388.8889,6944.4443,6944.4443
5648,11111.111,11111.111,11111.111,11111.111,14814.814
5649,1923.0769,9615.3848,6944.4443,9615.3848,9615.3848
5650,6944.4443,4166.6665,1388.8889,16666.666,8333.333
5651,49197.852,14285.714,,14285.714,8653.8457
5652,38264.996,40423.672,42071.922,41299.973,33967.742
5653,64572.18,,54092.469,53099.965,
5654,28571.428,23809.523,28571.428,,28571.428
5655,25000,20833.334,14705.883,20833.334,20833.334
5656,694.44446,3472.2222,3947.3684,5208.3335,5208.3335
5657,1388.8889,4166.6665,4166.6665,6944.4443,6944.4443
5658,21428.572,4464.2856,5952.3809,,9677.4189
5659,4729.7295,16216.216,1190.4762,625,4166.6665
5660,12000,,,,3571.4285
5661,4166.6665,,,,
5662,26086.957,17391.305,13043.479,17391.305,13043.479
5663,2884.6155,4807.6924,2586.2068,7812.5,8333.333
5664,9210.5264,26315.789,20833.334,20833.334,16666.666
5665,16666.666,16666.666,12500,12500,33333.332
5666,49197.852,51973.293,54092.469,53099.965,59847.926
5667,43048.117,45476.633,47330.91,46462.469,52366.934
5668,1041.6666,1041.6666,4310.3447,,3125
5669,14285.714,,10714.286,15384.615,28571.428
5670,23809.523,19047.619,19047.619,19047.619,23809.523
5671,13461.538,,9615.3848,3571.4285,1190.4762
5672,6730.769,8653.8457,10714.286,15789.474,15789.474
5673,4687.5,1562.5,7812.5,25000,18750
5674,9375,,,,
5675,22222.223,22222.223,12500,27777.777,12500
5676,28571.428,23809.523,28571.428,28571.428,59847.926
5677,10714.286,14285.714,,,22727.273
5678,9210.5264,,,9210.5264,7291.6665
5679,23809.523,3571.4285,19047.619,28571.428,19047.619
5680,2083.3333,,,2083.3333,
5681,4807.6924,6730.769,8653.8457,16666.666,4310.3447
5682,49197.852,51973.293,54092.469,53099.965,59847.926
5683,49197.852,33333.332,33333.332,,
5684,8571.4287,2142.8572,3906.25,13043.479,14285.714
5685,,,,,
5686,20833.334,20833.334,20833.334,25000,29166.666
5687,24000,24000,24000,31578.947,24000
5688,19047.619,,,,
5689,43048.117,45476.633,39170.41,46462.469,52366.934
5690,29166.666,45476.633,42071.922,46462.469,52366.934
5691,28571.428,14285.714,9375,12500,
5692,57397.492,33333.332,38888.891,,
5693,6730.769,2884.6155,961.53845,3125,7608.6958
5694,16666.666,22222.223,27777.777,22222.223,23809.523
5695,19047.619,51973.293,54092.469,53099.965,28571.428
5696,27777.777,33333.332,63107.883,53099.965,59847.926
5697,4687.5,31250,4687.5,14062.5,18750
5698,9782.6084,9782.6084,9615.3848,9615.3848,5434.7827
5699,,,,,
5700,10344.827,10344.827,6944.4443,2586.2068,13043.479
5701,,,,,
5702,23809.523,1190.4762,1388.8889,12500,33333.332
5703,33333.332,27777.777,27777.777,27777.777,38888.891
5704,6944.4443,4166.6665,4629.6294,2777.7778,14285.714
5705,,,,,
5706,,,,,
5707,57397.492,60635.508,54092.469,53099.965,48338.707
5708,17307.691,17307.691,17307.691,13461.538,9615.3848
5709,22222.223,27777.777,22222.223,14285.714,23809.523
5710,27777.777,16666.666,12500,19047.619,19047.619
5711,38888.891,60635.508,63107.883,61949.961,69822.578
5712,49197.852,51973.293,54092.469,53099.965,59847.926
5713,23809.523,,,,
5714,14814.814,,,,
5715,57397.492,60635.508,54092.469,53099.965,59847.926
5716,675.67566,3378.3784,28571.428,,28571.428
5717,,,,,
5718,2777.7778,2777.7778,833.33331,1000,3000
5719,10714.286,,19047.619,,28571.428
5720,22222.223,22222.223,54092.469,33333.332,69822.578
5721,18750,18750,18750,18750,18750
5722,25000,45476.633,25000,,
5723,18750,14062.5,14062.5,14285.714,14285.714
5724,14285.714,14285.714,14285.714,9375,9375
5725,6250,,,,
5726,9375,9375,7608.6958,9722.2227,16666.666
5727,,,,,
5728,,,,,
5729,31250,25000,25000,31250,18750
5730,19047.619,23809.523,23809.523,28571.428,28571.428
5731,3571.4285,,,,
5732,33333.332,,,,
5733,,,,,
5734,1315.7894,1315.7894,1315.7894,1315.7894,1315.7894
5735,7000,3000,2678.5715,892.85712,1000
5736,3205.1282,,,,3205.1282
5737,12500,,12500,16666.666,
5738,16666.666,16666.666,17241.379,20833.334,25000
5739,6578.9473,11842.105,6578.9473,6578.9473,1315.7894
5740,1136.3636,,1136.3636,1000,1000
5741,26086.957,9782.6084,8035.7144,6250,4464.2856
5742,39736.727,41978.43,,,
5743,1086.9565,1086.9565,,1190.4762,1190.4762
5744,961.53845,961.53845,1190.4762,1190.4762,12500
5745,49197.852,51973.293,54092.469,53099.965,59847.926
5746,2586.2068,6034.4829,8333.333,14062.5,10714.286
5747,12500,9375,9375,12500,12500
5748,12500,12500,12500,,
5749,38888.891,60635.508,63107.883,61949.961,69822.578
5750,3409.0908,,,,3409.0908
5751,19047.619,10714.286,12500,20833.334,12500
5752,28571.428,19047.619,,,23809.523
5753,15151.516,6818.1816,,,5303.0303
5754,23809.523,19047.619,19047.619,21052.631,18750
5755,33333.332,23809.523,33333.332,28571.428,33333.332
5756,9782.6084,3260.8696,3260.8696,16666.666,12500
5757,20588.234,,,,
5758,14285.714,,17391.305,8333.333,16666.666
5759,3000,3000,1136.3636,3409.0908,3125
5760,23809.523,3571.4285,7812.5,5952.3809,8333.333
5761,1136.3636,1136.3636,5681.8184,1000,3000
5762,57397.492,60635.508,63107.883,61949.961,59847.926
5763,9375,,1041.6666,,10227.272
5764,4032.2581,4032.2581,5645.1611,13461.538,17307.691
5765,3125,5208.3335,5208.3335,9375,9375
5766,19230.77,,33333.332,,
5767,6944.4443,,,5952.3809,1086.9565
5768,12500,1388.8889,1190.4762,,
5769,18518.518,22222.223,,22222.223,41893.547
5770,5833.3335,5833.3335,6428.5713,833.33331,5833.3335
5771,28571.428,28571.428,23809.523,33333.332,33333.332
5772,14285.714,8035.7144,6250,6578.9473,6481.4814
5773,38264.996,40423.672,42071.922,41299.973,46548.387
5774,3409.0908,,609.7561,3571.4285,3571.4285
5775,38888.891,27777.777,,,
5776,16666.666,16666.666,12500,16666.666,22222.223
5777,9677.4189,9677.4189,8653.8457,9615.3848,12500
5778,20833.334,5208.3335,6730.769,6944.4443,9722.2227
5779,18750,18750,18750,25000,23809.523
5780,16666.666,16666.666,15384.615,,28571.428
5781,12500,12500,13636.363,12500,14285.714
5782,16666.666,,,,
5783,49197.852,51973.293,54092.469,46462.469,52366.934
5784,1041.6666,,925.9259,3409.0908,3000
5785,1562.5,,1562.5,,
5786,4166.6665,4166.6665,2884.6155,9782.6084,9782.6084
5787,27777.777,,,,
5788,,,,,
5789,4166.6665,12500,9722.2227,5434.7827,8653.8457
5790,13461.538,,,,13461.538
5791,12500,1041.6666,1041.6666,1041.6666,862.06897
5792,781.25,781.25,781.25,781.25,862.06897
5793,23809.523,23809.523,33333.332,53099.965,69822.578
5794,23809.523,28571.428,33333.332,28571.428,59847.926
5795,,,,,
5796,14814.814,11111.111,13333.333,,25925.926
5797,33333.332,33333.332,27777.777,22222.223,23809.523
5798,4166.6665,9722.2227,10714.286,7812.5,
5799,4687.5,4687.5,2884.6155,7812.5,10714.286
5800,57397.492,60635.508,54092.469,53099.965,59847.926
5801,43048.117,45476.633,47330.91,,
5802,22222.223,8333.333,6481.4814,11111.111,7291.6665
5803,10714.286,14285.714,14285.714,19047.619,14285.714
5804,22222.223,,,,
5805,7812.5,10937.5,7812.5,5952.3809,14285.714
5806,49197.852,51973.293,54092.469,53099.965,59847.926
5807,38888.891,38888.891,63107.883,61949.961,33333.332
5808,5468.75,3906.25,5833.3335,,4464.2856
5809,2678.5715,892.85712,1388.8889,5303.0303,1086.9565
5810,28571.428,33333.332,33333.332,53099.965,59847.926
5811,5208.3335,5208.3335,1041.6666,1315.7894,12500
5812,22222.223,16666.666,23076.924,23076.924,16666.666
5813,5952.3809,1190.4762,1562.5,1190.4762,1041.6666
5814,10714.286,10714.286,10714.286,10714.286,10937.5
5815,27777.777,1388.8889,1923.0769,4166.6665,14285.714
5816,6578.9473,6578.9473,6578.9473,13461.538,6481.4814
5817,1086.9565,,,1086.9565,22222.223
5818,49197.852,,,,
5819,,,,,
5820,28571.428,28571.428,28571.428,28571.428,59847.926
5821,43048.117,45476.633,47330.91,46462.469,52366.934
5822,1388.8889,,1923.0769,1923.0769,1388.8889
5823,2027.027,,2027.027,2777.7778,4629.6294
5824,33333.332,51973.293,54092.469,53099.965,69822.578
5825,806.4516,806.4516,735.29413,961.53845,10714.286
5826,5147.0586,2205.8823,5208.3335,,2777.7778
5827,9722.2227,6944.4443,7608.6958,8653.8457,16666.666
5828,15151.516,9090.9092,9090.9092,13888.889,16666.666
5829,2500,833.33331,757.57574,892.85712,1923.0769
5830,44919.777,47453.875,49388.777,53099.965,59847.926
5831,19047.619,23809.523,19047.619,23809.523,23809.523
5832,30769.23,30769.23,30769.23,53846.152,53846.152
5833,,,,,
5834,12121.212,9090.9092,10714.286,27777.777,
5835,28571.428,28571.428,33333.332,29166.666,52366.934
5836,57397.492,33333.332,63107.883,61949.961,59847.926
5837,14285.714,14285.714,,,
5838,925.9259,6481.4814,862.06897,2777.7778,1136.3636
5839,4166.6665,,4166.6665,1388.8889,2884.6155
5840,12500,1041.6666,3125,41299.973,38888.891
5841,15384.615,2884.6155,9722.2227,4166.6665,12500
5842,3000,3000,3000,2500,3000
5843,1923.0769,1923.0769,1388.8889,1190.4762,
5844,1666.6666,555.55554,4032.2581,2777.7778,2906.9768
5845,8333.333,11111.111,13636.363,13636.363,13636.363
5846,6730.769,6730.769,14062.5,10714.286,14062.5
5847,22222.223,,,,22222.223
5848,8333.333,5952.3809,5952.3809,17307.691,23076.924
5849,21739.131,13043.479,9615.3848,16666.666,16666.666
5850,2777.7778,4629.6294,3947.3684,,
5851,925.9259,,6481.4814,18518.518,
5852,21739.131,5434.7827,9615.3848,30769.23,38461.539
5853,49197.852,51973.293,47330.91,46462.469,52366.934
5854,23076.924,,,23076.924,13461.538
5855,49197.852,51973.293,63107.883,61949.961,69822.578
5856,,,,,
5857,24137.932,17241.379,16666.666,19047.619,52366.934
5858,,,,,
5859,1388.8889,1388.8889,9615.3848,1388.8889,2272.7273
5860,49197.852,51973.293,54092.469,53099.965,59847.926
5861,26086.957,5434.7827,9615.3848,9782.6084,
5862,43048.117,45476.633,47330.91,46462.469,52366.934
5863,10937.5,7812.5,9722.2227,7812.5,17307.691
5864,12500,16666.666,25000,19047.619,19047.619
5865,19047.619,,5952.3809,4166.6665,3571.4285
5866,,,,,
5867,4687.5,,,,
5868,,,,,
5869,6617.647,6617.647,7291.6665,10227.272,13636.363
5870,57397.492,60635.508,63107.883,53099.965,59847.926
5871,43048.117,,,,
5872,16666.666,16666.666,22222.223,22222.223,27777.777
5873,20833.334,,,,52366.934
5874,862.06897,862.06897,2884.6155,5952.3809,
5875,16666.666,12500,1086.9565,,
5876,12500,12500,16666.666,,26923.076
5877,23809.523,19047.619,19047.619,19047.619,28571.428
5878,2419.3547,806.4516,1190.4762,1388.8889,1388.8889
5879,15384.615,4807.6924,8333.333,8333.333,10714.286
5880,20833.334,,,,
5881,5208.3335,12500,7500,,3472.2222
5882,3205.1282,,,,
5883,21739.131,21739.131,,,21739.131
5884,27777.777,60635.508,54092.469,,
5885,16666.666,12500,,13043.479,
5886,57397.492,60635.508,54092.469,53099.965,59847.926
5887,3260.8696,1086.9565,5769.231,9722.2227,1562.5
5888,14062.5,14062.5,10714.286,14285.714,12500
5889,1315.7894,,20833.334,20833.334,
5890,49197.852,51973.293,54092.469,53099.965,59847.926
5891,33333.332,38888.891,22222.223,27777.777,23809.523
5892,5769.231,13461.538,13461.538,23076.924,13461.538
5893,2884.6155,,2884.6155,6730.769,
5894,925.9259,925.9259,1923.0769,,1388.8889
5895,781.25,5468.75,,,
5896,49197.852,51973.293,54092.469,53099.965,59847.926
5897,8333.333,11111.111,9677.4189,6818.1816,10714.286
5898,43048.117,45476.633,47330.91,41299.973,46548.387
5899,2586.2068,6034.4829,4310.3447,22580.645,33333.332
5900,2500,833.33331,2500,833.33331,2500
5901,12500,3125,2884.6155,,3571.4285
5902,806.4516,806.4516,,,
5903,5208.3335,7291.6665,5208.3335,3947.3684,1315.7894
5904,34438.496,36381.305,37864.73,37169.977,13636.363
5905,4166.6665,4166.6665,4166.6665,4166.6665,1388.8889
5906,22222.223,14814.814,14814.814,13333.333,11111.111
5907,4807.6924,6730.769,3676.4707,4310.3447,3571.4285
5908,19047.619,14285.714,18750,18750,18750
5909,8653.8457,4807.6924,11538.462,15384.615,15384.615
5910,30769.23,,30769.23,30769.23,19047.619
5911,16666.666,,,,
5912,10227.272,13636.363,14814.814,22222.223,25925.926
5913,1388.8889,,1388.8889,25000,1190.4762
5914,16666.666,,16666.666,16666.666,38461.539
5915,,,,,
5916,18750,,,,
5917,22222.223,25925.926,25925.926,25925.926,
5918,28571.428,23809.523,54092.469,33333.332,69822.578
5919,3289.4736,,3289.4736,,16666.666
5920,27777.777,,12500,,
5921,33333.332,33333.332,33333.332,53099.965,69822.578
5922,57397.492,22222.223,38461.539,53846.152,46153.848
5923,30769.23,13461.538,17307.691,17307.691,17307.691
5924,3048.7805,3048.7805,3571.4285,4310.3447,6730.769
5925,7608.6958,7608.6958,9782.6084,,23076.924
5926,10344.827,7758.6206,7291.6665,9375,11842.105
5927,13333.333,,5833.3335,9090.9092,16666.666
5928,20833.334,25000,16666.666,29166.666,52366.934
5929,961.53845,961.53845,961.53845,781.25,
5930,57397.492,60635.508,63107.883,61949.961,69822.578
5931,,,,,
5932,3571.4285,,,,
5933,2500,2500,2678.5715,757.57574,15789.474
5934,14285.714,19047.619,14285.714,16666.666,16666.666
5935,20833.334,20833.334,20833.334,20833.334,33333.332
5936,,,,,
5937,30769.23,30769.23,,16666.666,22222.223
5938,15384.615,6730.769,961.53845,9782.6084,1388.8889
5939,10937.5,7812.5,7812.5,4687.5,
5940,43048.117,45476.633,,,
5941,49197.852,51973.293,54092.469,53099.965,59847.926
5942,28571.428,,54092.469,29166.666,59847.926
5943,12500,7291.6665,5468.75,7954.5454,22727.273
5944,33333.332,33333.332,27777.777,53099.965,23809.523
5945,18750,,,4687.5,
5946,862.06897,2586.2068,6034.4829,9375,6034.4829
5947,12500,12500,17391.305,22222.223,
5948,11111.111,11111.111,42071.922,41299.973,22222.223
5949,49197.852,51973.293,54092.469,33333.332,59847.926
5950,18750,,,18750,14285.714
5951,1190.4762,1190.4762,1562.5,1041.6666,
5952,38888.891,33333.332,,,
5953,36898.387,,961.53845,,8653.8457
5954,5769.231,5769.231,7608.6958,13461.538,
5955,22222.223,6944.4443,16666.666,16666.666,9782.6084
5956,38888.891,60635.508,63107.883,61949.961,22222.223
5957,57397.492,60635.508,63107.883,53099.965,59847.926
5958,28571.428,19047.619,19047.619,28571.428,26923.076
5959,11538.462,11538.462,10937.5,14062.5,18750
5960,23809.523,23809.523,19047.619,19047.619,23809.523
5961,17307.691,13461.538,9615.3848,13461.538,38461.539
5962,10937.5,7812.5,10714.286,14285.714,14285.714
5963,16666.666,,,,
5964,9722.2227,16666.666,27777.777,19047.619,52366.934
5965,6578.9473,15789.474,9210.5264,1041.6666,2777.7778
5966,16666.666,22222.223,,,
5967,38264.996,40423.672,47330.91,46462.469,48338.707
5968,735.29413,735.29413,3947.3684,3125,
5969,16666.666,16666.666,20833.334,18518.518,46548.387
5970,7258.0645,9677.4189,19047.619,14285.714,16666.666
5971,2777.7778,,4729.7295,6481.4814,7291.6665
5972,38888.891,33333.332,23809.523,28571.428,14285.714
5973,57397.492,60635.508,54092.469,42888.434,54643.758
5974,33333.332,,63107.883,,
5975,49197.852,51973.293,54092.469,53099.965,52366.934
5976,16666.666,,,,
5977,57397.492,60635.508,63107.883,61949.961,69822.578
5978,9677.4189,2419.3547,11538.462,9722.2227,16666.666
5979,11111.111,8333.333,8333.333,10714.286,
5980,49197.852,51973.293,54092.469,53099.965,
5981,29166.666,45476.633,,,
5982,28571.428,33333.332,47330.91,41299.973,52366.934
5983,4375,7500,7500,9090.9092,5303.0303
5984,961.53845,961.53845,961.53845,1190.4762,961.53845
5985,757.57574,3787.8789,2272.7273,2678.5715,
5986,57397.492,60635.508,63107.883,61949.961,59847.926
5987,49197.852,51973.293,54092.469,46462.469,52366.934
5988,57397.492,60635.508,63107.883,61949.961,69822.578
5989,7812.5,18750,18750,25000,18750
5990,12500,,,,12500
5991,44919.777,47453.875,63107.883,61949.961,69822.578
5992,12500,16666.666,16666.666,,
5993,23809.523,33333.332,,,
5994,19047.619,,,6944.4443,12500
5995,33333.332,38888.891,27777.777,38888.891,33333.332
5996,28571.428,28571.428,25000,33333.332,29166.666
5997,57397.492,60635.508,63107.883,53099.965,59847.926
5998,57397.492,60635.508,63107.883,53099.965,59847.926
5999,23809.523,,33333.332,28571.428,59847.926
6000,57397.492,60635.508,63107.883,53099.965,52366.934
6001,10937.5,14062.5,5000,,10937.5
6002,22222.223,33333.332,,,
6003,57397.492,60635.508,54092.469,53099.965,
6004,4464.2856,8035.7144,5434.7827,,
6005,862.06897,,3571.4285,1190.4762,1562.5
6006,57397.492,60635.508,63107.883,61949.961,59847.926
6007,5952.3809,5952.3809,10714.286,7812.5,4687.5
6008,1136.3636,1136.3636,1136.3636,,1136.3636
6009,19047.619,23809.523,,,
6010,7608.6958,5434.7827,4310.3447,,
6011,23809.523,14285.714,12121.212,9375,38888.891
6012,,,,,
6013,1000,,,,1000
6014,27777.777,12500,16666.666,23076.924,10714.286
6015,26923.076,19230.77,23809.523,19047.619,33333.332
6016,6944.4443,1388.8889,18750,18750,28571.428
6017,10714.286,14285.714,10714.286,14285.714,23809.523
6018,1388.8889,6944.4443,38888.891,8333.333,14062.5
6019,38264.996,40423.672,37864.73,37169.977,41893.547
6020,4166.6665,12500,27777.777,1086.9565,
6021,9375,,,,
6022,14062.5,7812.5,3947.3684,9210.5264,
6023,43048.117,45476.633,47330.91,46462.469,59847.926
6024,31250,25000,21052.631,21052.631,18181.818
6025,14285.714,19047.619,23809.523,,16666.666
6026,23809.523,14285.714,18750,18750,25000
6027,14285.714,5952.3809,6730.769,,7812.5
6028,49197.852,51973.293,54092.469,53099.965,59847.926
6029,57397.492,60635.508,63107.883,61949.961,48338.707
6030,39736.727,4807.6924,2884.6155,23076.924,16666.666
6031,4166.6665,1388.8889,961.53845,961.53845,961.53845
6032,10937.5,7812.5,7812.5,,9210.5264
6033,9090.9092,6818.1816,9090.9092,,8035.7144
6034,18518.518,4629.6294,,,
6035,5952.3809,5952.3809,4375,3947.3684,9210.5264
6036,12500,9375,9375,12500,12500
6037,9615.3848,5769.231,5769.231,9722.2227,16666.666
6038,,,,,
6039,14285.714,6250,892.85712,3260.8696,7608.6958
6040,14285.714,8333.333,12500,10344.827,12500
6041,28571.428,,,,
6042,36898.387,38979.969,40569.352,39824.977,44885.941
6043,757.57574,757.57574,1388.8889,6944.4443,14705.883
6044,49197.852,51973.293,54092.469,53099.965,59847.926
6045,49197.852,51973.293,54092.469,53099.965,52366.934
6046,5833.3335,4166.6665,892.85712,581.39532,4268.2925
6047,27777.777,27777.777,28571.428,23809.523,23809.523
6048,20833.334,12500,7758.6206,17241.379,13793.104
6049,14285.714,14285.714,14285.714,14285.714,10344.827
6050,34438.496,36381.305,,,
6051,9722.2227,,,,
6052,12500,,9722.2227,13461.538,27777.777
6053,26086.957,17391.305,17857.143,5434.7827,
6054,22222.223,22222.223,22222.223,25925.926,22222.223
6055,57397.492,38888.891,63107.883,61949.961,69822.578
6056,57397.492,33333.332,33333.332,46153.848,46153.848
6057,1562.5,1562.5,4687.5,5468.75,14062.5
6058,57397.492,60635.508,38888.891,33333.332,59847.926
6059,49197.852,51973.293,54092.469,53099.965,59847.926
6060,10937.5,4687.5,9615.3848,3571.4285,14285.714
6061,57397.492,27777.777,33333.332,28571.428,33333.332
6062,9000,7000,9000,3409.0908,7000
6063,26086.957,26086.957,33333.332,27777.777,33333.332
6064,25000,20833.334,20833.334,20833.334,25000
6065,1923.0769,23076.924,17307.691,23076.924,
6066,34438.496,36381.305,37864.73,23333.334,
6067,1190.4762,,4687.5,,3571.4285
6068,7258.0645,5645.1611,5434.7827,5434.7827,9722.2227
6069,,,,,
6070,21875,34107.473,47330.91,38451.699,52366.934
6071,16666.666,16666.666,15789.474,21052.631,14814.814
6072,7954.5454,10227.272,10227.272,13636.363,17307.691
6073,1041.6666,1041.6666,7291.6665,1000,925.9259
6074,33333.332,9722.2227,14285.714,9375,6481.4814
6075,,,,,
6076,1190.4762,1190.4762,1190.4762,1562.5,1562.5
6077,57397.492,60635.508,63107.883,,
6078,27777.777,27777.777,28571.428,28571.428,33333.332
6079,57397.492,60635.508,63107.883,53099.965,59847.926
6080,9210.5264,,,,
6081,6944.4443,1388.8889,,,
6082,12500,22222.223,27777.777,22222.223,22222.223
6083,2678.5715,4464.2856,14285.714,14285.714,16666.666
6084,,,,,
6085,57397.492,33333.332,38888.891,33333.332,28571.428
6086,4166.6665,,,4166.6665,7000
6087,49197.852,51973.293,54092.469,53099.965,59847.926
6088,49197.852,51973.293,54092.469,53099.965,59847.926
6089,1190.4762,,,,
6090,16666.666,,5434.7827,12500,
6091,1190.4762,1190.4762,3571.4285,5769.231,13461.538
6092,16666.666,12500,16666.666,12500,16666.666
6093,27777.777,27777.777,23809.523,28571.428,29166.666
6094,13461.538,13461.538,13461.538,23076.924,23076.924
6095,38888.891,60635.508,63107.883,53099.965,48338.707
6096,,,,,
6097,25000,,,,
6098,6944.4443,12500,16666.666,22222.223,19047.619
6099,29166.666,45476.633,47330.91,46462.469,52366.934
6100,1388.8889,1388.8889,1388.8889,1086.9565,9722.2227
6101,9782.6084,5434.7827,3260.8696,6944.4443,8333.333
6102,13461.538,,5769.231,7500,
6103,12500,12500,10714.286,10714.286,8333.333
6104,49197.852,,,53099.965,59847.926
6105,14062.5,,,,
6106,6944.4443,12500,4687.5,,9375
6107,38888.891,,,,
6108,5681.8184,18181.818,14285.714,18181.818,13333.333
6109,2142.8572,2142.8572,3571.4285,3000,2500
6110,2205.8823,2205.8823,,2027.027,2027.027
6111,9722.2227,4166.6665,14285.714,24137.932,
6112,2777.7778,2777.7778,925.9259,1136.3636,3409.0908
6113,16666.666,1388.8889,22222.223,20689.654,10227.272
6114,49197.852,23809.523,,,
6115,39736.727,23076.924,,14285.714,19047.619
6116,3260.8696,3260.8696,9782.6084,5952.3809,1562.5
6117,2777.7778,925.9259,1785.7142,1595.7446,7000
6118,3906.25,781.25,1315.7894,,3409.0908
6119,57397.492,60635.508,38888.891,61949.961,38461.539
6120,1315.7894,1315.7894,2083.3333,5681.8184,925.9259
6121,9375,,1190.4762,1190.4762,1190.4762
6122,961.53845,961.53845,3571.4285,9615.3848,5434.7827
6123,23076.924,23076.924,30769.23,22222.223,27777.777
6124,7291.6665,7291.6665,10227.272,5681.8184,5681.8184
6125,9722.2227,22222.223,16666.666,23809.523,23809.523
6126,8333.333,,19047.619,3571.4285,
6127,16666.666,12500,11111.111,14814.814,8510.6387
6128,16000,16000,7000,7000,9000
6129,57397.492,60635.508,54092.469,53099.965,59847.926
6130,19354.838,19354.838,20000,28000,36842.105
6131,1388.8889,,961.53845,1562.5,14062.5
6132,43048.117,45476.633,47330.91,46462.469,
6133,19047.619,,23809.523,,23076.924
6134,,,,,
6135,5952.3809,3571.4285,3125,3125,9375
6136,10937.5,1562.5,1190.4762,,7812.5
6137,16666.666,4166.6665,4166.6665,,
6138,9722.2227,9722.2227,10937.5,14062.5,14062.5
6139,,,,,
6140,5147.0586,735.29413,8823.5293,8653.8457,5645.1611
6141,,,,,
6142,1923.0769,,23076.924,,
6143,33333.332,27777.777,27777.777,23809.523,23809.523
6144,4166.6665,27777.777,16666.666,16666.666,33333.332
6145,4464.2856,2678.5715,4166.6665,5952.3809,5208.3335
6146,961.53845,961.53845,1190.4762,,1562.5
6147,1315.7894,3947.3684,1315.7894,925.9259,
6148,,,,,
6149,38888.891,,,,
6150,15789.474,,11842.105,,
6151,14285.714,14285.714,25816.861,5434.7827,
6152,25000,9375,7291.6665,10227.272,21052.631
6153,3260.8696,3260.8696,2419.3547,4310.3447,3125
6154,14285.714,,,,
6155,38888.891,60635.508,33333.332,53099.965,59847.926
6156,22727.273,18181.818,925.9259,20000,20000
6157,9782.6084,13043.479,14285.714,11538.462,14285.714
6158,10714.286,,,,
6159,961.53845,961.53845,1923.0769,9782.6084,5434.7827
6160,33333.332,28571.428,28571.428,28571.428,28571.428
6161,,,,,